{
    "camera_matrix": [
        [
            597.1901308301993,
            0.0,
            949.6662584807439
        ],
        [
            0.0,
            598.6551181253836,
            562.7515931367423
        ],
        [
            0.0,
            0.0,
            1.0
        ]
    ],
    "dist_coeffs": [
        [
            0.006817674997376137,
            -0.023919382770129918,
            0.0006087113564952597,
            0.00011126822025213693,
            0.003367979753067075
        ]
    ],
    "image_width": 1920,
    "image_height": 1080,
    "reprojection_error_rms": 0.5902861642986357,
    "checkerboard_size": [
        10,
        7
    ],
    "square_size_meters": 0.01825
}