{
    "camera_matrix": [
        [
            597.1901919972469,
            0.0,
            949.6662980170611
        ],
        [
            0.0,
            598.655185952501,
            562.7515991081217
        ],
        [
            0.0,
            0.0,
            1.0
        ]
    ],
    "dist_coeffs": [
        [
            0.006817648908127005,
            -0.02391933244937718,
            0.0006087115796587522,
            0.00011127705999156812,
            0.0033679643951004096
        ]
    ],
    "image_width": 1920,
    "image_height": 1080,
    "reprojection_error_rms": 0.5902869769531243,
    "checkerboard_size": [
        10,
        7
    ],
    "square_size_meters": 0.1825
}